{"groningen-Hortusbuurt":[2.5613855749494636,0.08123141799837634],"groningen-Binnenstad":[2.1489142266921974,0.06821139220065285],"groningen-Oosterpoort":[2.2608654507074863,0.06979246868928561],"groningen-Rivierenbuurt":[1.8335624407170585,0.07040222010285398],"groningen-De Wijert":[1.6612369142469556,0.057011901228320956],"groningen-Oosterparkwijk":[1.8267449184787792,0.05985390433159262],"groningen-De Hoogte":[2.083122842060009,0.08446147324520671],"groningen-Korrewegwijk":[2.1516790810168387,0.0648326397984465],"groningen-Schildersbuurt":[2.299815825839965,0.0645823852772145],"groningen-Paddepoel":[1.6456161470581214,0.049258464739912425],"groningen-Oranjewijk":[2.199917654394203,0.07368406926697157],"groningen-Tuinwijk":[3.8456821138523525,0.1441142122359713],"groningen-Selwerd":[1.6194488518142154,0.06816165210899129],"groningen-Vinkhuizen":[1.4549692423981246,0.04688391185797439],"groningen-Hoogkerk-zuid":[1.4834480778551344,0.06665457329742606],"groningen-Gravenburg":[1.382058567244473,0.15004497386750207],"groningen-De Held":[1.7827032628222437,0.042718175542835926],"groningen-Reitdiep":[1.5730760164075877,0.04463041990547444],"groningen-Hoornse Meer":[1.6229337018474714,0.0691177222920198],"groningen-Corpus den Hoorn":[1.7597507360908597,0.07106771735666016],"groningen-Eemspoort":[1.602622438162657,0.04942081369097052],"groningen-Euvelgunne":[1.8655043686180008,0.0929874811797446],"groningen-Driebond":[1.9422727207919868,0.10793960436256453],"groningen-Winschoterdiep":[2.268375226041607,0.15182000866636933],"groningen-Eemskanaal":[1.7558476295032892,0.04143577547541763],"groningen-Helpman":[2.1455105399465912,0.07248982705080931],"groningen-Lewenborg":[2.0569067785866073,0.06010254386567586],"groningen-Beijum":[1.7401016059607102,0.042605531855532314],"groningen-Maarsveld":[1.6687476363468912,0.048488543624576635],"noord_holland-Schrijverswijk":[1.6996277048279864,0.04991200556444488],"noord_holland-Stad van de Zon":[1.323954044910641,0.15610896991670842],"noord_holland-Stadshart":[2.0108688772286563,0.048925460581373925],"noord_holland-Jordaan":[2.468877292734353,0.0651687261184684],"noord_holland-Slotervaart":[1.7276641838324636,0.04410779681250007],"noord_holland-IJburg":[1.3254951290858807,0.05093079645847165],"noord_holland-Oostelijke Eilanden":[1.6840744398137886,0.04857964654138822],"noord_holland-Oostelijk Havengebied":[1.7300423198832442,0.05227819692595258],"noord_holland-Frederik Hendrikbuurt":[2.718394664556396,0.08425781700552261],"noord_holland-Van Lennepbuurt":[3.3143496375810613,0.07115732984636368],"noord_holland-Da Costabuurt":[3.209344059602719,0.09297280213989285],"noord_holland-Kinkerbuurt":[3.191393750722564,0.09049718323334716],"noord_holland-Kersenboogerd":[1.5981917558526062,0.05208731244612532],"noord_holland-Pax":[2.1028977549256727,0.04932181514224764],"noord_holland-Graan voor Visch":[2.177828570206362,0.05682289908674036],"noord_holland-Vrijschot-Noord":[2.662759609700751,0.06598118555975103],"noord_holland-Toolenburg":[1.642988629721884,0.04534439230914844],"noord_holland-Floriande":[1.8473033518408828,0.047884976758823736],"noord_holland-Overbos":[1.7502281641302064,0.04593441570953416],"noord_holland-Bornholm":[1.7658194484107634,0.04251608440820686],"noord_holland-Beukenhorst-Oost":[1.853525794665467,0.07408703552136185],"noord_holland-De Hoek":[2.45056772932478,0.05022290074424785],"noord_holland-West":[1.856951628993441,0.04964213729223869],"noord_holland-Zuid":[2.195343837840743,0.060475167267297014],"noord_holland-Oost":[1.851371403094426,0.05828301596877576],"noord_holland-Noord":[1.6542525267405375,0.05377007783020168],"noord_holland-De President":[1.4367526081793904,0.11984018779205535],"noord_holland-Graan voor Visch-Zuid":[1.9431570574539776,0.0713406403942819],"noord_holland-Zuidwijk":[1.933018715417939,0.0413648146618351],"noord_holland-Buitenveldert-West":[1.1358493547192536,0.06793711087481195],"noord_holland-Buitenveldert":[1.1030950581450358,0.07142092479668298],"noord_holland-Apollobuurt":[1.807767260714037,0.07389361850893243],"noord_holland-Stadionbuurt":[1.5926434680791954,0.0731775747016544],"noord_holland-Prinses Irenebuurt e.o.":[2.016607812277307,0.06975015391915393],"noord_holland-Hoofddorppleinbuurt":[1.9567251455827679,0.08175611166966641],"noord_holland-Willemspark":[2.380930694480592,0.09423258360274661],"noord_holland-Schinkelbuurt":[3.2649431882087754,0.10777400097683455],"noord_holland-Vondelparkbuurt":[3.2204522181983464,0.08523598175947339],"noord_holland-Helmersbuurt":[2.990685707143807,0.0755577930734056],"noord_holland-Overtoomse Sluis":[2.928157693512514,0.0714543780180071],"noord_holland-Museumkwartier":[1.7500908154339059,0.07065446409399638],"noord_holland-Rivierenbuurt":[1.8572441734689027,0.06924409665643994],"noord_holland-IJselbuurt":[3.6600437470539484,0.08171919651086156],"noord_holland-Scheldebuurt":[1.8607778322703907,0.06839389513529981],"noord_holland-Rijnbuurt":[1.908260072751479,0.056507416819761055],"noord_holland-De Baarsjes":[2.292862380149185,0.06449359021665609],"noord_holland-Landlust":[1.957489547594822,0.0689541214594217],"noord_holland-Staatsliedenbuurt":[1.9300818428863564,0.06959618510314214],"noord_holland-Spaarndammerbuurt":[2.5873523536351595,0.07427148754938087],"noord_holland-De Pijp":[2.2858756275147,0.069872775319698],"noord_holland-Grachtengordel":[2.142985122392518,0.07235500660910504],"noord_holland-Oud-Zuid":[1.4185796006870486,0.061028414323906766]}